,Category,Note
0,transportation,train 2 place 5 to place 0
1,food,snacks idli medu vada mix 2 plates
2,subscription,netflix 1 month subscription
3,subscription,mobile service provider data booster pack
4,entertainment,ganesh pujan ganesh idol
5,subscription,tata sky permanent residence - tata play recharge
6,transportation,auto place 2 station to permanent residence
7,transportation,train 2 place 0 to place 3
9,food,grocery 1kg atta
12,subscription,mobile service provider data booster pack
13,food,lunch home food delivery
15,food,milk half lit  milk
16,food,milk half lit  milk
18,food,milk half lit  milk
20,food,snacks amul butter
21,shopping,laundry 11 clothes ironing
22,food,snacks chinese bhel
23,food,snacks shev puri
24,food,snacks 2 kachori
25,food,milk half lit  milk
26,food,breakfast bread
32,food,dinner domino's pizza
34,food,milk half lit  milk
35,food,sweets warna srikhand pav kg
36,household,kirana supermart
37,food,grocery baking soda
38,food,ice cream chocobar
39,food,milk half lit  milk
42,food,curd dahi 2 packets
43,food,breakfast 2 plates poha
44,food,biscuits khari packet
45,food,milk half lit  milk
47,shopping,laundry 13 clothes ironing
48,food,dinner home food delivery
50,food,rajgira ladu 
51,food,milk half lit  milk
52,entertainment,navratri ganpati+ navratri vargani
53,transportation,train 2 place 2 to place 3 : sevagram express 3ac
54,transportation,train 2 place 3 to place 2 : amritsar express 3ac
55,food,lunch catering service
56,food,milk half lit  milk
58,food,tea cutting chai
59,food,milk half lit  milk
60,subscription,netflix 1 month subscription
61,food,curd dahi 2 packets
62,food,milk half lit  milk
64,subscription,tata sky permanent residence - tata play recharge
65,food,sweets warna srikhand half kg
66,food,flour mill m d sure 4kg atta
69,food,snacks dahi
70,household,kirana toothpaste patanjali
71,shopping,laundry 8 clothes ironing
72,food,ice cream vanila family pack
73,household,appliances 5 litres can distilled water
74,household,home decor brass puja plate and diva
75,food,grocery half kg lahsoon
76,household,kirana supermart
77,food,ice cream vanila cup
78,food,ice cream chocobar
81,food,snacks 8 kachori
84,shopping,grooming hair cut
86,food,tea cutting chai
87,health,health eyewear glasses payment remaining
88,shopping,clothing for family
89,transportation,train place 0 to place 4 return
90,transportation,auto current residence to place 0
95,household,kirana supermart
96,food,flour mill m d sure 4kg atta
97,health,health eyewear glasses advance
101,shopping,laundry 13 clothes ironing
104,food,chocolate 10 melody
106,health,medicine glucose d(50) + flora bc (40)+cyra 20(10)
107,health,medicine 
108,food,lunch catering service
109,food,breakfast 1 plates poha
110,food,eating out paneer pizza
111,transportation,auto decathlon place a to place a station
112,transportation,auto current residence to place 0
113,transportation,train 2 place 0 to place a returns
114,food,breakfast medu vada 3 plate
116,entertainment,movie 2 inox 
117,food,vegetables 
118,household,kirana supermart
120,food,biscuits toast packet
122,subscription,tata sky current residence - tata play recharge
123,food,breakfast 4 plates poha
124,household,kirana supermart
125,food,fruits khajur pav kg
126,food,snacks 2 bhajipav + 2 vadapav
127,food,biscuits toast packet
128,food,ice cream chocobar
129,food,potato potato 1kg
130,food,onions onion 1 kg
131,transportation,taxi ola cab - eye institute to current residence chs
132,health,medicine cataract medicine
133,health,medicine cataract medicine
134,food,curd dahi 4 packets
135,food,flour mill m d sure 4kg atta
136,shopping,laundry 12 clothes ironing
137,household,hardware sony wi-c100 earphones wireless
138,food,snacks 7 kachori
139,food,fruits 
140,food,vegetables 
141,food,snacks 4 kachori
143,transportation,taxi ola cab - eye institute to current residence chs
144,health,medicine cataract medicine
147,food,eggs 6 eggs
148,food,bread 2 bread packets
150,transportation,petrol 3.4 lit petrol
151,food,biscuits toast packet
152,food,grocery shev bhaji sev pav kg
153,transportation,taxi ola cab - eye institute to current residence chs
154,food,tea 3 cutting chai
155,health,medicine eye drop
156,health,hospital hospital consultation
157,transportation,taxi ola cab - current residence chs to eye institute
158,transportation,taxi to and fro cab fare contribution
159,transportation,train place 4 to place 0
160,food,lunch at restaurant
161,subscription,mahanagar gas 
163,food,dinner at restaurant
164,transportation,taxi park inn goa
165,transportation,auto terminal 1 to terminal 2
166,food,tea cutting chai
167,transportation,auto current residence to place 0
168,transportation,train place 0 to place p
169,health,hospital doctor fees
170,shopping,grooming shaving
172,health,lab tests 2 thyroid (1000) + cholesterol (220) + uric acid (220)
174,food,milk half lit  milk
175,subscription,tata sky current residence - tata play recharge
178,household,kirana supermart
179,transportation,auto place 1 bridge to current residence 2 seats
180,transportation,bus 2 place 6 stand to ms
181,household,home decor face towels + shampoo
182,transportation,bus 2 place 1 to  mall
183,transportation,auto current residence to place 1 bus stop highway
184,entertainment,movie 2 pvr 
185,transportation,travels 2 place 2 to place 1 - shree sharma travels
186,food,snacks vadapav
187,shopping,clothing undergarments pair of jockey
188,shopping,laundry clothes ironing
189,food,milk milk 1lit 
192,household,appliances aqugurad prv
197,household,hardware tulsi plant+ pot
198,household,kitchen math tap repair
199,household,appliances 3 bulbs 3 pencil cells
200,food,dinner home food delivery
201,food,snacks bhaji + vadapav + kachori+ tea
202,transportation,taxi vadala road to nehru planetarium
203,shopping,footwear mast & harbour slides
206,food,tea 2 cups
207,household,gadgets mobile cover real mi note pro
209,household,gadgets mouse pad
210,shopping,accessories purse
211,shopping,footwear rainy season chappal
212,transportation,auto place p station to alfa market
213,transportation,train 2 place 0 to place p return
214,transportation,auto 2 current residence to place 0
216,transportation,auto 2 place 0 to current residence
217,household,kirana supermart
218,household,appliances aqugurad water purifier
219,household,hardware umbrella handle repair
220,transportation,train place 0 to place 4 return
221,food,tea 2 cutting chai
222,food,snacks bhaji + vadapav
223,food,lunch home food delivery
224,household,kirana smart point
225,transportation,auto 2 place 0 to current residence
226,food,breakfast bread
227,food,milk milk 1lit 
228,health,health suppliemnts
229,transportation,train 2 place 5 to place 0
230,subscription,tata sky permanent residence - tata play recharge
231,food,snacks 2 vadapav 2 samosa pav
232,subscription,mobile service provider annual recharge
233,transportation,auto 
234,subscription,mobile service provider data booster pack
236,subscription,mobile service provider data booster pack
237,subscription,mobile service provider data booster pack
239,subscription,mobile service provider data booster pack
240,transportation,train 2cc place 2 to ddr spl train
243,food,eggs 12 eggs
245,household,home decor sofa covers
246,subscription,mobile service provider data booster pack
252,subscription,mobile service provider data booster pack
253,shopping,grooming hair cut
255,household,kirana soap + dahya pav kg
256,transportation,auto permanent residence to motor driving school
257,subscription,mobile service provider data booster pack
258,subscription,tata sky permanent residence - tata play recharge
259,health,health 2 all out refill
263,household,kitchen flour mill
264,subscription,mobile service provider data booster pack
265,subscription,mobile service provider data booster pack
266,food,ice cream cookies & cream family pack
267,transportation,auto within city
268,household,appliances lg washing machine
269,transportation,auto permanent residence to gh road
271,subscription,mobile service provider data booster pack
273,transportation,auto place 2 station to permanent residence
274,food,snacks potato chips
275,food,fruits 2 dozens mango + 1kg litchi
276,transportation,train 2 place 0 to place 3
277,transportation,auto 2 current residence to place 0
278,shopping,laundry clothes ironing
283,food,dinner domino's pizza
284,food,lunch catering service
285,food,snacks 4 kachori
286,food,milk milk 1lit 
287,food,rajgira ladu 1 packet
288,food,ice cream 2 faluda
290,subscription,newspaper mata + toi + et
291,food,biscuits toast packet
292,food,milk half lit  milk
293,subscription,netflix 
294,food,sweets kaju katli half kg
295,food,milk milk 1lit 
296,shopping,grooming shaving
297,household,toiletries handwash container2 + window cleaner
298,transportation,bike mall parking
299,subscription,mahanagar gas 
300,food,lunch home food delivery
301,food,milk milk 1lit 
305,household,kirana supermart
306,food,milk milk 1lit 
307,food,snacks bhaji + vadapav
308,food,fruits mango 1.5 kg
309,food,milk milk 1lit 
310,health,medicine itone eye drops
311,health,medicine refresh tears drop
316,food,snacks 6 kachori
317,household,kirana supermart
318,subscription,tata sky current residence - tata play recharge
319,food,biscuits toast packet
320,food,milk milk 1lit 
322,food,beverage 2 sugarcane juice
324,food,dinner home food delivery
326,household,kirana supermart
327,food,snacks noodles packet
328,food,milk milk 1lit 
330,food,lunch catering service
331,subscription,tata sky permanent residence - tata play recharge
332,household,kirana idli pith 1kg
334,food,vegetables 
335,household,kirana supermart
336,food,milk milk 1lit 
337,food,ice cream naturals
338,food,curd dahi 2 packets
339,food,dinner sugaran kitchen
340,household,kitchen flour mill
341,food,eggs 6 eggs
342,food,milk milk 1lit 
343,food,milk milk 1lit 
345,shopping,laundry clothes ironing
346,household,kirana cockroach injection
347,household,kirana supermart
348,household,kirana smart point
349,food,snacks pav bhaji
350,food,tea 2 cutting chai
351,household,"kitchen vessels for sugar, coffee and tea"
353,transportation,bike station parking
354,transportation,train place 0 to place 4 return
355,food,lunch catering service
356,household,kirana supermart
357,food,grocery pizza base packet 2
358,food,biscuits khari packet
359,food,milk milk 1lit 
360,health,lab tests family thyroid test + cbc
363,subscription,netflix 
364,household,kirana 
365,food,snacks pattice
366,food,lunch catering service
367,food,breakfast bread
368,food,lunch catering service
370,food,grocery ginger
371,food,milk milk 1lit 
372,household,kirana supermart
373,household,kirana pav kg chana dal
374,food,milk half lit  milk
377,household,kirana idli pith 1kg
378,food,eggs 6 eggs
379,food,milk milk 1lit 
380,food,lunch catering service
383,transportation,bike mall parking
384,household,hardware window cleaner
385,food,grocery pav kg lahsoon
386,food,curd dahi 2 packets
387,food,onions onion 2 kg
393,food,milk milk 1lit 
395,food,ice cream 2 chocobar
396,food,dinner home food delivery
398,food,lunch domino's pizza
399,transportation,bike station parking
401,transportation,train place 0 to sion returns
402,food,snacks 1 panipuri
403,food,vegetables ginger + green chilli
404,food,milk milk 1lit 
405,food,dinner at restaurant
406,food,breakfast bread
407,food,milk milk 1lit 
408,subscription,tata sky permanent residence - tata play recharge
410,transportation,bike station parking
411,food,snacks popcorn family pack
412,food,tea 2 tea
413,food,snacks 2 frankie
414,food,snacks french crossiant
415,food,tea ikea tea 3
416,entertainment,books finding next job
417,food,flour mill 1 kg bajari
418,food,vegetables half kg tomato
419,household,kirana supermart
420,food,snacks pickle
421,food,snacks potato chips
422,food,rajgira ladu 1 packet
423,food,milk milk 1lit 
424,food,snacks 2 kachori
425,household,kirana idli pith 1kg
427,food,dinner 2 fried rice
429,food,snacks chicken lollypop 8 pcs
430,food,breakfast bread
431,food,eggs 6 eggs
432,food,milk half lit  milk
433,transportation,bike station parking
434,food,snacks dabeli
437,food,snacks papad packet
438,food,snacks 1 panipuri
439,food,tea cutting chai
440,transportation,train place 0 to place 4 return
441,food,lunch catering service
442,food,milk half lit  milk
443,food,lunch catering service
444,food,milk half lit  milk
445,household,kirana mayonnaise + cheese cubes
446,food,onions onion 2 kg
447,food,dinner domino's pizza
450,food,milk half lit  milk
453,transportation,train 2 place 3 to place 2 : sevagram express 3ac
454,household,hardware mosquito racket
455,health,health all out refill
456,food,milk 1 lit 
457,food,milk half lit  milk
458,shopping,laundry clothes ironing
459,food,bread flatbread 12 pcs
461,subscription,mahanagar gas 
462,food,eggs 6 eggs
463,food,milk half lit  milk
465,entertainment,holi holi tip to cleaner
466,food,snacks 2 vadapav
467,health,medicine thyroid tablets
468,health,medicine 5 meftal spas
471,food,milk half lit  milk
474,food,ice cream chocobar
475,food,flour mill m d sure 3kg atta
476,household,kirana supermart
477,household,kirana smart point
480,food,lunch catering service
482,food,milk half lit  milk
483,food,ice cream chocobar
484,food,dinner domino's pizza
485,food,eggs 6 eggs
489,food,biscuits khari packet
490,food,milk half lit varna milk
491,food,onions onion 1 kg
492,food,potato potato 1kg
494,household,kirana idli pith 1kg
495,food,lunch 5 chapati
496,food,milk 1 lit 
497,household,toiletries mirror repair
498,transportation,bike first servicing
499,food,beverage chaas
500,food,bread flatbread 12 pcs
501,health,medicine refresh tears drop
502,food,rajgira ladu 1 packet
503,food,milk 1 lit 
504,subscription,tata sky permanent residence - tata play recharge
505,food,beverage limca
506,food,onions onion 1 kg
507,food,lunch catering service
509,household,appliances kitchen fan + installation+ repair
511,shopping,grooming hair cut+shaving
512,food,milk 1 lit 
513,food,snacks 2 kachori
514,food,dinner bbq
516,transportation,bike mall parking
517,food,lunch 5 chapati
518,food,snacks banana chips
519,food,biscuits khari packet
520,food,milk 1 lit 
521,food,ice cream chocobar
522,food,grocery half kg tomato + methi 1 judi
523,household,kirana supermart
524,food,snacks 1 chicken shawarma
525,food,potato potato 1kg
526,food,bread bread
527,food,grocery amul cheese
528,food,milk 1 lit 
531,food,eggs 6 eggs
532,food,curd 3 packets
533,food,flour mill m d sure 3kg atta
534,transportation,auto 2 place 0 to current residence
535,food,dinner pav bhaji
536,food,snacks vadapav
537,transportation,train place 0 to place 3 returns
538,transportation,auto current residence to place 0
540,food,milk 1 lit 
541,shopping,laundry clothes ironing
542,food,snacks shev puri
543,food,onions onion 1 kg
544,food,milk 1 lit 
546,entertainment,movie 2 pvr place 6
548,food,grocery raw chicken half kg
549,food,biscuits khari packet
550,food,milk 1 packet
551,food,dinner domino's pizza
552,food,lunch catering service
553,food,milk half lit  milk
554,food,ice cream chocobar
555,transportation,travels place 2 to place 1 - shree sharma travels
557,food,lunch catering service
561,food,fruits 8 bananas
562,food,vegetables half kg tomato
568,food,dinner at restaurant
569,transportation,bike parking sticker
571,food,milk 1 lit 
572,household,kitchen matchbox packet 10pcs
573,food,grocery dahi 2 packets
576,food,biscuits khari packet
577,food,eggs 6 eggs
578,food,milk 1 lit 
579,food,snacks 2 kachori
580,household,kirana smart point
581,household,kirana supermart
582,transportation,bike two wheeler bikedelux third installment
584,transportation,auto place 0 to current residence
585,transportation,train place 0 to place 4 return
586,shopping,clothing pyjama (999)+ carry bag (10)
587,food,rajgira ladu 1 packet
588,food,milk 1 lit 
589,food,potato potato 1kg
590,household,kirana idli pith 1kg
591,food,lunch catering service
593,food,milk half lit  milk
594,household,kirana smart point
595,food,flour mill 2 kg bajari
596,food,flour mill m d sure 3kg atta
597,health,medicine cough-sills 4 pcs + sinarest 3 pcs
598,food,milk 1 lit 
599,food,dinner home food delivery
601,food,biscuits crack-jack 1 packi
602,food,bread 
603,subscription,tata sky permanent residence - tata play recharge
604,food,bread flatbread 6 pcs
605,household,kirana amul butter
606,food,bread flatbread 6 pcs
607,household,kirana cakes
608,transportation,bike two wheeler bikedelux second installment
609,food,lunch fresh veggie pizza
610,food,eggs 6 eggs
611,food,milk 1 lit 
612,household,kirana bhagar 1kg 130 + idli pith 1kg 35
613,food,milk 1 lit 
615,food,sweets chitale srikhand
616,food,grocery onion 1 kg + half kg potato
617,transportation,train place 0 to place 3 returns
618,transportation,auto uber auto: place 4 station to current residence society
619,transportation,train place 0 to santacruz return
620,household,hardware vibrating electronic message tool
621,transportation,auto station to decathlon
622,transportation,auto decathlon to station
623,shopping,clothing head band
624,transportation,auto pali hill to bandra station
625,transportation,auto mumbai university kalina to santacruz station
626,transportation,auto current residence to place 0
627,health,medicine thyroid tablets
628,shopping,laundry clothes ironing
631,household,kirana smart point
632,health,lab tests family thyroid test
635,food,eggs 6 eggs
636,food,milk 1 lit 
637,food,rajgira ladu 2 packets
638,food,bread flatbread 12 pcs
639,food,milk 1 lit 
640,food,snacks vadapav
642,household,hardware sony wi-c100 earphones wireless
643,food,flour mill m d sure 2kg atta
644,household,kirana harpik 1l
645,food,tea 2 cutting chai
646,transportation,train place 0 to place 4 return
648,subscription,mahanagar gas 
649,household,kirana idli pith 1kg
650,household,appliances 5 litres can distilled water
651,food,curd 2 cups
652,food,milk 1 lit 
654,household,kirana cockroach injection
655,household,kirana nandadip oil bottle
656,food,lunch catering service
662,food,dinner wok express + domino's
663,transportation,bike two wheeler bikedelux booking amount
664,food,eggs 6 eggs
665,food,milk 1 lit 
666,household,kirana supermart
667,health,medicine refresh tears drop
668,subscription,amazon prime amazon pay cashback 1017 + rs.482
669,food,ice cream raspberry dolly
670,household,gadgets logitech mouse
671,food,milk 1 lit 
676,food,bread flatbread 24 pcs
679,food,vegetables dudhi 20 + mirchi 5
681,food,snacks 3 pavwada
682,household,kirana 
683,food,flour mill 
684,subscription,mobile service provider data booster pack
685,food,vegetables ginger
686,food,grocery tata salt 28+ 6 eggs 42
689,subscription,"newspaper et prime (1+1) till 24 dec,2024"
690,subscription,tata sky permanent residence - tata play recharge
691,subscription,mobile service provider data booster pack
692,transportation,auto place 2 station to permanent residence
693,transportation,auto 2 current residence to place 0
695,food,snacks gupta bhel
696,household,toiletries toothbrush (buy 2 get 1)
697,food,milk half lit  milk
699,food,lunch home food delivery
701,food,snacks vadapav
702,household,kirana surti kolam 2kg (54rsx2)+monaco biscuits
703,food,lunch catering service
704,food,milk milk 1lit 
705,food,lunch catering service
706,subscription,edtech course renewal
709,food,snacks chicken frankie
711,transportation,train place 0 to ws return
712,food,milk milk 1lit 
713,shopping,clothing undergarment single
714,food,dinner at restaurant
715,transportation,auto within city
716,household,kirana dmart
717,food,tea 2 cutting chai
718,transportation,auto college to inorbit
719,transportation,train place 0 to place 4 return
720,transportation,auto current residence to place 0
721,food,milk milk 1lit 
723,food,ice cream chocobar
725,food,grocery paneer + 1 kg onion
726,shopping,laundry clothes ironing
728,food,milk milk 1lit 
729,food,eggs 6 eggs
730,food,snacks double chicken shwarma
731,food,lunch catering service
733,food,vegetables 
734,food,fruits 
735,food,snacks gupta bhel
736,food,lunch catering service
737,food,lunch catering service
738,food,dinner home food delivery - roti 17*4+ paneer chatpata 190+ veg crispy 150
739,food,milk milk 1lit 
741,food,lunch catering service
742,subscription,tata sky current residence - tata play recharge
743,subscription,edtech course 
745,household,kirana smart point
746,household,kirana supermart
747,food,fruits 
750,food,bread 
751,food,snacks amul butter
752,food,milk milk 1lit 
753,subscription,newspaper 
754,food,snacks shev puri
755,food,lunch home food delivery - chicken lollypop 8 pcs 190 + chicken manchow soup 100
757,shopping,grooming hair cut+shaving
758,food,ice cream chocobar
759,food,milk milk 1lit 
760,food,lunch catering service ( 5 methi paranthe)
762,food,milk 1 lit 
769,health,medicine 5 meftal spas
770,health,health glasses remaining
771,health,health family's glasses
776,food,bread sweet bread cake pav kg
777,food,eggs 6 eggs
778,food,bread 
779,household,kirana toast+ biscuits
780,food,vegetables 
781,food,milk 1 lit 
782,health,health glasses advance
784,transportation,auto 2 place 0 to current residence
785,transportation,auto place 6 station to  mall
786,transportation,train 1 place 0 to place 6
787,shopping,footwear sandals hush puppies
789,transportation,auto eye institute to place 6 station
790,health,medicine eye drop
791,transportation,auto place 6 station to eye institute
792,health,"hospital routine checkup - eye institute, place 6"
793,transportation,train 1 place 0 to place 6 return
794,subscription,tata sky permanent residence - tata play recharge
795,food,milk 1 lit 
796,shopping,laundry clothes ironing : rs 6 per item
797,food,vegetables half kg tomato
798,entertainment,movie 2 pvr place 6
799,food,bread flatbread 8 pcs
800,food,grocery dahi + remaining balance
801,food,flour mill 3 kg bajari
802,food,milk 1 lit 
805,food,milk milk 1lit 
807,food,snacks 1 panipuri
808,transportation,auto 2 place 0 to current residence
809,transportation,train 2 place 0 to place 6 return
810,transportation,auto 2 current residence to place 0
811,entertainment,movie 2 pvr place 6
812,household,kirana khobra + shengdana+ vim bar
813,food,eggs 6 eggs
814,subscription,mahanagar gas 
816,food,milk 1.5 lit milk 
817,food,ice cream vanila family pack
818,household,kirana agarbatti 55 + dahi 25
819,food,flour mill 4 kg gehu
820,food,milk 1 lit 
821,food,dinner home food delivery
822,household,kirana toast 55 + kisan jam 85 + all out 75
824,food,bread brown bread
825,household,kirana amul butter 52 + good day biscuits 43
826,food,fruits 
828,food,grocery vegetables
829,household,kirana pani puri packet + bundi + chivda
830,food,milk milk 1lit varna
831,food,grocery onion 1 kg + half kg potato
832,household,kirana maggie + lizol
833,food,grocery shev bhaji sev pav kg
834,transportation,auto 2 place 0 to current residence
835,food,dinner at restaurant
836,food,tea 
837,household,appliances usb cord
838,household,appliances screwdriver 2
840,transportation,auto place p station to alfa market
841,transportation,train place 4 station to place p return
842,transportation,train place 0 to place p return
843,food,eggs 6 eggs
844,food,milk half lit  milk
846,shopping,laundry clothes ironing : rs 6 per item
847,household,toiletries colgate max fresh small
848,household,kirana 
849,health,medicine acne star cream
850,food,lunch bhendi bhaji
851,food,milk 1 lit 
852,household,kirana 
854,food,fruits 1 kg apple
855,food,milk 1 lit 
857,food,eggs 6 eggs
858,transportation,auto place 0 to current residence
859,subscription,tata sky current residence - tata play recharge
862,subscription,edtech course 
863,food,snacks 2 pavwada
865,subscription,mobile service provider mobile service provider freedom pack
871,subscription,mobile service provider mobile service provider freedom pack
872,subscription,mobile service provider mobile service provider freedom pack
873,subscription,hotstar subscription 1yr
874,transportation,auto permanent residence to bus stand
875,transportation,auto within city
876,entertainment,diwali offering
877,entertainment,diwali offering
878,entertainment,diwali offering
880,subscription,mobile service provider mobile service provider freedom pack
881,food,snacks dahi
882,household,toiletries shampoo sachets
883,shopping,footwear slippers
884,entertainment,diwali aakash kandil
885,household,toiletries dettol liquid handwash refill
886,household,kitchen flour mill
887,household,kirana 
888,subscription,tata sky permanent residence - tata play recharge
889,transportation,auto current residence to place 1 bus stop highway
892,food,grocery onion half kg 13 + milkybar 10 + colgate maxfresh 10
895,entertainment,diwali rangoli + stamp
896,food,snacks gupta bhel
897,transportation,train 2 place 2 to place 3 : sevagram express 3ac
898,transportation,train 2 place 3 to place 2 : amritsar express 3ac
902,transportation,train place 2 to place 3 sevagram
903,household,kitchen flour mill
906,food,fruits 
907,food,grocery vegetables
908,subscription,wifi internet service 1 year plan (40mbps + ul+ 3 months free)
912,health,medicine 
915,subscription,edtech course 
916,health,medicine boroline + band aid
918,household,kirana supermart
920,subscription,hotstar 3 months subscription mobile
925,health,medicine candid dusting powder
926,household,kirana supermart
927,food,grocery vegetables
928,food,grocery vegetables
929,household,kitchen cooktop installation+ base
932,shopping,laundry clothes ironing : rs 6 per item
933,food,snacks gupta bhel
934,food,ice cream vanila cup
935,health,medicine 3 tablet nor tz
936,subscription,tata sky current residence - tata play recharge
937,transportation,travels 2 place 1 to place 2 - novelty tour and travels
938,household,kirana 
941,food,fruits half kg chiku
942,food,fruits apple 2 kg (110) + banana 1kg (80)
943,transportation,auto 2 place 0 to current residence
944,transportation,train place 0 to ws return
945,entertainment,movie 2
946,food,sweets half kg pedhe
947,shopping,grooming hair cut
948,food,dinner chicken masala gravy
951,transportation,auto place 0 to current residence
952,food,snacks vadapav
953,food,tea 
954,transportation,train place 0 to dadar return
956,health,health surgical gloves pair
959,health,medicine 
960,food,fruits half kg chiku
961,food,fruits nariyal
962,household,kirana 
963,health,medicine 
964,household,kirana supermart
965,food,bread 
966,food,milk 1.5 lit milk 
967,food,dinner sugaran kitchen
968,food,lunch 
969,food,fruits nariyal
970,health,medicine 
971,health,hospital doctor fees
972,transportation,travels 2 place 2 to place 1 - novelty tour and travels
973,food,tea 2 tea parcel
974,food,breakfast 2 plates poha
975,food,milk milk 1lit 
976,food,lunch 
977,subscription,tata sky current residence - tata play recharge
978,food,dinner sugaran kitchen
980,food,milk milk 1lit 
981,transportation,auto current residence to place 1 bus stop highway
982,transportation,travels 2 place 1 to place 2 - novelty tour and travels
985,food,grocery vegetables
986,transportation,train local pass to family
987,transportation,auto 2 current residence to place 0
988,food,snacks idli 4 pcs + kachori 4 pcs
989,household,kirana supermart
991,health,medicine v-wash
992,transportation,travels 2 place 1 to place 2 - novelty tour and travels
993,food,flour mill m d sure 4kg atta
997,food,snacks sweet bread cake 90 + veg puff 2
998,subscription,edtech course 
1001,food,ice cream 4 cups (2 vanilla 2 tutifruity)
1003,subscription,newspaper 
1005,food,milk milk 1lit 
1011,household,toiletries odonil
1012,household,kirana honey small bottle
1013,household,kirana janeyu
1014,household,kirana nariyal
1017,food,milk 1.5 lit milk 
1018,health,medicine 5 meftal spas
1020,transportation,taxi ola cab - domestic airport t1 to current residence
1022,food,snacks 2 chips packets
1024,health,medicine vicks inhaler
1025,transportation,auto market to resort
1026,food,breakfast parle g chota pack
1028,health,medicine strepsils 13 pills
1029,transportation,auto auto : mahal to hotel
1030,food,eating out roof top lounge  (200 french fries + 100 masala tea)+15 gst + 10 tip
1031,household,home decor 2 bedsheets (1500 each)
1032,shopping,clothing jaipuri handprinted maharani saree (1850 two pcs + 1500 1 pc)
1033,food,lunch 180 chicken sandwich + 120 vada pav & samosa
1034,transportation,taxi ola cab - current residence to domestic airport t1
1036,household,kitchen mahanagar gas connection installation
1039,household,appliances selfie stick bluetooth tripod
1040,shopping,grooming shaving
1041,food,grocery 1.5 kg onions
1042,shopping,accessories lens cleaner
1044,food,ice cream baskin robbins
1045,food,lunch 280 chicken dum biryani+ 200 paneer tikka laziz + gst
1046,transportation,auto bkc to kurla station
1047,transportation,taxi ola cab - siddhivinayak to bkc
1048,transportation,taxi dadar west to siddhivinayak
1049,transportation,train 2 place 0 to dadar return
1050,transportation,auto 2 current residence to place 0
1051,shopping,laundry clothes ironing : rs 6 per item
1053,household,furniture foldable wardrobe
1054,household,appliances 2 locks for bags
1055,household,kirana colgate max fresh small
1056,household,kirana dettol sanitizer
1057,subscription,tata sky current residence - tata play recharge
1060,household,kirana sugar 1kg rs.55 + shengdana rs.33
1061,food,snacks 2 bhaji pav + 1 vadapav
1062,household,appliances wifi router tp link
1063,food,milk 1.5 lit milk 
1064,household,appliances steam machine
1065,household,kirana biscuits+ onions
1066,entertainment,navratri ganpati+ navratri vargani
1067,transportation,travels 2 place 2 to place 1 - shree sharma travels
1069,transportation,bus 2 cd to place 1: shivshahi
1070,transportation,auto within city
1071,transportation,bus 2 place 1 to vn
1072,transportation,auto current residence to place 1 bus stop highway
1073,household,kirana dahi (42) + vanilla essance (34)
1074,food,milk milk 1lit 
1078,household,toiletries dettol liquid handwash refill
1079,health,medicine move jel
1081,food,milk milk 1lit 
1084,food,milk half lit  milk
1087,health,medicine vicks vaporub
1088,subscription,newspaper 
1089,household,kirana 
1090,food,breakfast krack jack biscuits
1091,food,lunch 5 chapati
1094,shopping,clothing family's dresses
1095,health,medicine cinarest
1097,health,hospital medical tests - family
1100,subscription,mobile service provider family mobile service provider recharge
1101,food,milk milk 1lit 
1102,subscription,newspaper 
1103,subscription,edtech course 
1104,food,snacks maggie 1 pck
1105,food,milk milk 1lit 
1106,shopping,clothing myntra - tshirt+ denim shorts
1107,health,medicine 4 paracetamol tablets
1112,food,dinner catering service:chicken masala (90)+2 chapati (10)
1113,transportation,auto ola auto - current residence to mcd
1114,food,eggs 4 eggs
1116,food,grocery dahi 2 packets
1117,transportation,travels 2 neeta travels : place a to pune
1118,household,appliances laptop repair
1119,household,appliances laptop repair ( 128gb ssd rs 2200+ 500gb hdd rs.1800 + msoffice+ windows)
1120,food,snacks chicken roll kasha
1121,transportation,train place 0 to place 4 return
1123,food,milk milk 1lit 
1124,health,medicine hospital consultation
1125,transportation,auto ola auto - current residence to hospital place 6
1126,transportation,auto 2 place 0 to current residence
1127,health,medicine hospital consultation
1128,health,hospital hospital consultation
1129,transportation,train 2 place 0 to place 6 return
1130,transportation,auto 2 current residence to place 0
1131,food,dinner non veg overloaded pizza
1132,food,lunch chicken lollypop 4 pcs
1133,household,appliances distilled water refill inverter (rs.100 given by family)
1138,food,snacks garlic bread + periperi masala fries
1139,food,eggs 4 eggs
1140,food,milk milk 1lit 
1141,household,appliances for tata sky installation (100 rs given by family )
1142,household,appliances tata sky stb (1299)+ 1 month recharge (226)+ extra wire 45meters(540)
1143,food,grocery amul butter
1144,food,milk milk 1lit 
1147,food,milk half lit  milk
1148,food,grocery 
1149,food,snacks puri packet of 50 pcs
1150,subscription,mobile service provider annual recharge
1151,food,milk half lit  milk
1152,food,eggs 4 eggs
1153,food,milk half lit  milk
1154,food,beverage thumbs up 250ml
1155,food,water 5 litres can
1156,food,flour mill gehu 3 kg rs21 + bajari 1kg rs 7 + dal 1.5 kg rs15
1157,food,grocery potato 1kg
1158,household,hardware pakad
1159,household,hardware umbrella
1161,food,grocery onion 2.5 kg
1162,transportation,auto 2 place 0 to current residence
1163,shopping,laundry 9 clothes ironing
1164,food,beverage lemon tea
1165,food,lunch 1 dal makhani rice(200)+ 1 chicken tikka rice(220)+chocolate pastry (120)
1166,transportation,train 2 place 0 to tb returns
1167,food,snacks gupta bhel
1168,food,milk half lit  milk
1169,food,ice cream chocobar
1173,food,milk milk 1lit 
1174,food,ice cream chocobar
1179,food,rajgira ladu 2 packets
1181,household,kirana 
1182,food,beverage sugarcane juice
1183,food,snacks vadapav
1184,transportation,bus 2 place 3m to mumbai vidyapeeth
1185,transportation,train 2 place 0 to place 3 returns
1186,transportation,auto 2 current residence to place 0
1187,food,grocery pizza base packet - patil dairy
1188,food,eggs 4 eggs
1189,food,milk milk 1lit 
1192,food,dinner paneer mutter rs.90+ 5 chapati rs.25
1193,food,grocery 2 kg onion 30/kg + 1 kg potato 30/kg + parle biscuit rs 10
1194,food,dinner veg fried rice 1 full
1197,food,lunch catering service (1 bhaji 30 + 3 chapti 15)
1199,food,grocery dalich peeth pav kg
1200,subscription,edtech course 
1201,transportation,auto place 1 bridge to current residence 2 seats
1202,food,bread 
1203,food,milk milk 1lit 
1205,subscription,newspaper 
1206,food,ice cream 7 mava kulfie
1208,transportation,travels 2 place 2 to place 1 - shree sharma travels
1216,shopping,grooming shaving
1217,transportation,auto place 2 station to hospital 2 seat
1218,transportation,train 2 place 0 to tilaknagar single side
1219,transportation,auto 2 current residence to place 0
1220,food,lunch chicken lollypop 4 pcs
1221,food,grocery 5rs mirchi + crack-jack
1226,health,medicine cough-sills 4 pcs
1227,food,snacks 2 kachori
1228,food,grocery dahi 2 packets
1229,food,milk milk 1lit 
1230,transportation,train place 0 to ws return
1231,food,milk milk 1lit 
1232,food,grocery shengdane pav kg
1234,food,milk milk 1lit 
1236,food,eating out taco bell veg combo
1237,transportation,train 2 place 0 to ws returns
1238,transportation,auto 2 current residence to place 0
1240,food,grocery shev bhaji sev pav kg
1241,food,flour mill m d sure 3kg atta
1242,food,grocery amul malai paneer pav kg
1243,food,breakfast bread
1244,food,milk milk 1lit 
1245,transportation,bus h to kala circle
1246,transportation,bus kala circle to h
1247,food,milk milk 1lit 
1249,food,milk milk 1lit 
1252,food,milk milk 1lit 
1253,shopping,grooming hair cut
1254,food,milk milk 1lit 
1255,health,medicine covaxin booster dose
1256,transportation,train 2 kushinagar express (ltt to place 2)
1257,subscription,newspaper toi
1260,transportation,auto 2 place 0 to current residence
1261,transportation,auto 2 current residence to place 0
1262,entertainment,movie 2 tickets - cinepolis 4dx 3d
1263,food,breakfast bread
1264,food,milk milk 1lit 
1265,food,eggs 6 pcs
1266,household,kitchen sanjori mould
1269,food,snacks 2 veg puff
1270,food,milk milk 1lit 
1271,food,dinner chicken biryani 120+ dal rice 60
1272,food,chocolate 2 cadbury dairy milk
1273,health,medicine 3 sinarest
1274,health,medicine sofy antibacterial
1278,food,vegetables pav kg simla mirch 20 + hari mirch 5
1279,food,milk milk 1lit 
1280,food,beverage sugarcane juice
1281,household,kirana supermart
1282,food,lunch non veg overloaded pizza
1283,subscription,edtech course 
1284,food,snacks vadapav
1285,food,flour mill m d sure 3kg atta
1286,food,snacks 2 kachori
1287,food,milk milk 1lit 
1292,shopping,clothing undergarments pair of jockey
1294,food,dinner 5 chapati
1295,transportation,auto 2 place 0 to current residence
1296,food,beverage slice + pepsi
1297,food,lunch 2 veg frankie
1298,household,kitchen crockery
1299,food,tea 2 tea
1300,transportation,train 2 place 0 to place p return
1301,transportation,auto 2 current residence to place 0
1302,food,grocery half kg potato + half kg banana
1304,food,milk milk 1lit 
1305,household,kirana 
1306,food,snacks 2 kachori
1307,food,vegetables 
1308,food,grocery mango 1 kg
1309,food,grocery 
1310,food,vegetables 
1311,food,breakfast medu vada 1 plate + dal vada 1
1312,food,milk milk 1lit 
1314,food,vegetables pav kg tomato
1315,food,snacks ragda puri
1316,transportation,train place 0 to vikhroli single
1317,subscription,cable tv 
1318,food,snacks samosa pav @ kurla
1319,transportation,train place 0 to vikhroli return
1320,food,milk milk 1lit 
1321,food,snacks gupta bhel
1322,household,kirana rasna orange
1324,food,flour mill m d sure 2kg atta
1325,household,appliances 3 pin holder
1326,food,beverage coke 750ml
1327,food,beverage sugarcane juice
1329,transportation,train 2 place 0 to place 4 return
1330,transportation,auto 2 current residence to place 0
1331,food,flour mill 3 kg ( 2kg bajari rs 7 each + 1kg gahu & maka mix rs.10)
1332,transportation,auto decathlon to station
1333,subscription,cable tv monthly recharge
1334,food,dinner pav bhaji + 5 pav extra
1335,food,tea 
1336,food,vegetables 
1337,food,lunch bhai poli
1338,food,breakfast poha
1339,shopping,grooming shaving
1340,food,milk milk 1lit 
1341,food,tea 
1342,food,tea 
1343,food,ice cream vanila family pack
1344,food,lunch full egg fried rice 100 + manchurian dry 100
1345,food,tea 
1346,food,tea 
1347,shopping,grooming razor blade
1348,food,lunch non veg combo meal
1349,food,tea 
1350,subscription,newspaper march 210 + april 170
1351,food,dinner veg cheese grill sandwich
1352,food,breakfast poha 25+ tea 10
1353,household,kirana shev bhaji sev
1354,food,lunch non veg overloaded pizza
1355,food,dinner non veg overloaded pizza
1356,food,tea 
1357,food,lunch 4 chapati
1358,food,tea 
1359,food,breakfast medu vada 1 plate
1360,food,tea 
1361,food,lunch 4 chapati
1362,food,tea 
1364,food,lunch full egg fried rice 100 + chicken lollypop 4 pcs 130
1365,subscription,tata sky 
1366,food,tea 
1367,shopping,grooming body hair removal cream
1371,food,dinner 4 chapati
1372,food,snacks sweet bread cake 85 + veg puff 2
1373,food,lunch dudhi 30 + 3 chapati
1374,food,breakfast tea + 2 kachori
1377,food,ice cream cornetto butterscotch
1378,food,tea 
1379,food,dinner 4 chapati
1380,food,lunch chana masala 30 + 3 chapati
1381,food,dinner egg fry + chicken lollypop
1382,food,breakfast poha 25+ tea 10
1383,food,dinner aloo mutter sabji
1384,food,snacks chicken manchow soup
1385,subscription,mobile service provider no daily limit plan ( 25 gb 30 days)
1386,food,breakfast double omlet pav + tea
1388,food,dinner 5 chapati
1389,food,snacks veg puff
1390,food,tea 
1391,food,lunch paneer masala + hara bhara kabab 6 pcs
1392,food,dinner bhendi masala 30 + 3 chapati
1393,food,beverage sugarcane juice
1394,food,breakfast bread
1397,subscription,mobile service provider no daily limit plan ( 25 gb 30 days)
1398,transportation,auto place 0 to current residence
1399,transportation,train 40 place 0 to place 3 return+ 20 single
1400,transportation,auto 2 current residence to place 0
1401,transportation,train place 0 to place 6 return
1402,household,kitchen gas stove elica 3 burner
1404,transportation,train place 3 to place 2 sevagram
1405,subscription,edtech course 
1406,health,medicine q-dee strip
1407,shopping,footwear puma troy mu running shoes
1408,food,tea 2 cups
1409,food,milk milk 1lit 
1411,food,dinner 2 fried rice
1412,transportation,auto 2 place 0 to current residence
1413,transportation,train 2 place 0 to ws single
1414,transportation,auto 2 current residence to place 0
1415,shopping,clothing shorts for family
1416,shopping,clothing h&m tshirt for family
1418,food,flour mill m d sure 1kg atta
1421,food,ice cream chocobar
1423,transportation,auto 2 place 0 to current residence
1424,food,fruits 6 bananas
1425,food,dinner chicken lollypop 8 pcs
1426,food,snacks 2 pani puri+ 1 samosa chat
1427,food,grocery chota bread
1428,food,milk milk 1lit 
1429,food,ice cream cup of butterscotch (20) + chocobar (10)
1430,subscription,netflix 1 month subscription
1431,food,milk milk 1lit 
1433,food,snacks 2 kachori
1434,transportation,auto place 6 station to college
1435,transportation,train 2 place 0 to place 6 return
1436,transportation,auto 2 current residence to place 0
1437,food,milk milk 1lit 
1439,food,vegetables ladyfinger pav kg
1440,food,snacks 2 veg puff
1441,food,beverage sugarcane juice
1442,transportation,train place 0 to vikhroli return
1443,food,grocery milk 1 lit (64) + paneer (75) + bread (30) + 6 eggs (36)
1444,health,medicine q-dee strip
1445,subscription,cable tv monthly recharge
1446,household,kirana smart point
1447,food,milk milk 1lit 
1448,food,ice cream raspberry dolly
1449,food,milk milk 1lit 
1450,food,"dinner the x restaurant, place 1"
1452,subscription,tata sky 
1454,food,breakfast 8 pcs meduvada + 4 pcs dal vada + sambar + chatni
1455,food,beverage sugarcane juice
1459,transportation,train place 6 to place 2 - 3tier ac cancellation charges
1462,food,ice cream chocobar (25)+ chocolate cup (20)
1463,food,snacks 1 chicken shawarma
1464,subscription,edtech course 
1465,food,snacks egg roll
1466,food,grocery half kg potato
1467,food,grocery sambar masala (32)+ 2 milkybar
1471,transportation,train 2 place 0 to dadar return
1472,transportation,taxi siddhivinayak to shiv sena bhavan
1473,transportation,taxi dadar west to siddhivinayak
1474,food,lunch ( pav bhaji + 2 extra pav + sabudana khichdi + kothimbir vada + masala bhat + piyush )
1475,transportation,auto place 4 station to place 4 plaza
1476,household,hardware laptop repair (servicing+ 2gb ram upgrade + fan replacement + antivirus)
1477,transportation,auto place 0 to current residence
1478,transportation,auto 2 current residence to place 0
1480,household,kirana 
1481,food,beverage soda water
1482,household,appliances usb cord
1483,food,milk milk 1lit 
1484,household,kirana smart
1485,food,milk milk 1 lit
1486,food,grocery dahi 2 packets
1488,health,medicine tablet
1489,health,medicine jel
1490,transportation,travels place 2 to place 1
1491,health,hospital doctor fees
1492,food,milk milk 1 lit
1494,food,beverage 3 sugarcane juice
1496,transportation,auto 2 place 0 to current residence
1497,transportation,auto 
1498,household,furniture mattress advance
1499,transportation,auto within city
1500,transportation,bus 2 place 6 to place 7
1501,transportation,train 2 place 0 to ws returns
1502,transportation,auto 2 current residence to place 0
1503,transportation,travels place 6 to place 2
1504,household,appliances 2 spike guard
1505,subscription,mobile service provider mobile service provider freedom pack
1506,food,snacks 2 samosa (32) + 25 pani puri
1507,food,grocery 
1508,food,fruits grapes + apple + guava
1510,subscription,wifi internet service 6 months ( 30mb ul plan + 1 month free)
1511,household,kitchen drainage powder
1512,household,kirana 2 toast+ 2 parle g + marie gold
1513,food,ice cream 2 softy
1514,household,hardware 2 bath stool
1515,food,grocery 
1516,household,hardware wall hanging clipboard
1517,shopping,grooming hair cut
1518,household,hardware ceiling fans repair
1519,transportation,auto 2 place 0 to current residence
1520,food,beverage 2 sugarcane juice
1521,food,lunch pav bhaji pav(90) + 4 pav extra(40)
1522,entertainment,movie 2 batman tickets
1523,transportation,train 2 place 0 to place 4 return
1524,transportation,auto 2 current residence to place 0
1525,transportation,auto 2 place 0 to current residence
1526,transportation,train 2 place 0 to ws returns
1527,food,snacks bhel + shev puri
1528,food,grocery 1.5 lit milk + 3 cold drink + 1 khari + 1 bread
1529,transportation,travels 2 place 2 to place 1
1530,subscription,mobile service provider mobile service provider freedom pack
1531,food,milk milk 1lit 
1532,food,snacks 3 plate kachori
1535,food,beverage 2 orange juices
1536,food,grocery 2 schwan chutteny + 2 cheese cube + amul butter
1537,food,ice cream naturals
1538,food,fruits 1 kg apple + grapes 0.5 kg
1539,food,grocery 
1540,food,ice cream vanilla ice cream cups 2
1541,food,milk milk 1lit 
1543,subscription,edtech course 
1544,food,milk milk 1lit 
1545,food,breakfast 2 plate medu vada + 2 pcs dal vada
1546,shopping,footwear footwear repair
1547,household,toiletries plastic kharata + brush
1548,food,grocery 
1549,transportation,auto place 0 to sec 21
1550,food,beverage sugarcane juice 2
1551,transportation,train place 0 to place 6 return 2
1552,transportation,auto current residence to place 0
1555,food,ice cream vanilla ice cream cups 2
1556,food,grocery milk 1 lit + butter milk + srikhand pav kg
1557,household,hardware measuring tape
1560,transportation,taxi within city
1562,food,grocery sabudana + rajgira ladu
1563,transportation,auto place 0 to current residence
1564,transportation,train 2 place 3m to vadala rd
1565,transportation,bus best 138 - marine drive to place 3m
1566,food,tea 
1568,food,dinner at restaurant
1569,transportation,train 2 santacruz to churchgate
1570,food,breakfast sugarcane juice 2
1571,transportation,auto share auto - mumbai university kalina to santacruz station
1572,transportation,auto current residence to place 0
1573,transportation,train 2 santacruz return
1574,transportation,auto santacruz to kalina university
1575,transportation,train 2 tb return
1576,transportation,auto place 0 to current residence
1577,transportation,auto current residence to place 0
1578,food,lunch 6 chapati(8 rs) + half rice
1579,household,appliances 3 wall clock cell
1580,food,milk milk 1lit  + amul butter milk
1581,transportation,train place 0 to ws returns
1582,transportation,auto current residence to place 0
1583,household,kirana 
1584,household,kitchen dustbin + basin sink cover
1585,food,snacks 2 jumbo king burger
1586,household,appliances exide inverter battery 150amp
1587,household,appliances tube and inverter fitting
1588,household,kitchen hp cylinder
1589,food,dinner veg paneer tikka 4 roti
1590,subscription,tata sky 
1591,food,lunch veg triple schwan fried rice
1592,food,grocery milk 1 lit + butter milk
1593,food,tea 3 tea yevle amrutullya
1594,food,lunch at restaurant
1595,food,ice cream 2 vanilla + 2 butterscotch
1597,transportation,taxi place 2 to place 1
1598,food,snacks pav vada
1600,food,beverage sugarcane juice 2
1602,shopping,clothing undergarments pair of jockey
1604,subscription,mobile service provider mobile service provider recharge wfh
1607,subscription,mobile service provider mobile service provider recharge wfh
1610,food,snacks single pav vada
1616,food,fruits half kg chiku
1617,food,fruits 1 kg apple
1618,food,grocery vegetables
1619,food,grocery jira + toast pav kilo
1620,transportation,auto within city
1621,food,tea 
1622,transportation,bus n to m
1625,shopping,laundry clothes ironing
1626,food,beverage 5 pouch of shreejal
1627,food,snacks samosa + sabudana vada
1628,food,milk half liter buffalo
1629,health,medicine meftal spas
1630,food,dinner parath + chicken biryani
1631,food,beverage shreejal 1
1632,food,breakfast parle top biscuits
1633,food,snacks chicken roll
1634,subscription,edtech course 
1635,food,dinner at restaurant
1636,subscription,mobile service provider mobile service provider recharge wfh
1637,subscription,mobile service provider mobile service provider recharge wfh
1638,food,milk half liter buffalo
1642,food,milk half liter buffalo
1643,food,milk half liter buffalo
1644,food,snacks single pav vada
1645,food,dinner 3 parathe ( 80 mix veg + 70 methi + 100 paneer aloo)
1646,food,snacks cheese chilli toast sandwich 1
1647,food,snacks 2 shegaon kachori (nasik)
1648,food,breakfast brown bread
1649,food,milk half liter buffalo
1650,transportation,auto within city
1651,transportation,bus 2 tickets place 2 to n
1652,transportation,auto within city
1653,subscription,tata sky 
1656,food,grocery 
1657,subscription,mobile service provider mobile service provider recharge
1658,subscription,mobile service provider mobile service provider recharge wfh
1659,food,snacks 2 bombay vada pav
1661,transportation,auto ghroad to permanent residence
1662,household,furniture chair pair
1664,food,grocery chole + shev
1665,food,grocery fruits and vegetables + kirana
1666,food,grocery 3 chips packets + bread
1667,health,medicine adulsa ( tonic for cough )
1670,food,fruits 1 kg apple + bananas
1671,food,grocery himalaya soap(30) + sofie (59) + kitkat (10)
1672,shopping,grooming hair cut+shaving
1673,subscription,netflix 1 month subscription
1674,transportation,auto place 2 bus stand to permanent residence
1675,food,snacks woffel
1676,transportation,auto current residence to hotel on highway
1678,transportation,travels place 1 to place 2 - novelty tour and travels
1679,food,dinner veg paneer tikka 3 roti
1680,food,milk milk 0.5 lit 
1681,household,appliances moscuito racket
1682,food,snacks 4 shegaon kachori
1685,household,appliances inverter battery check
1686,food,milk milk 0.5 lit 
1687,subscription,mobile service provider mobile service provider recharge wfh
1688,food,grocery biscuits+icecream
1689,subscription,edtech course 
1690,food,grocery fruits and vegetables
1691,food,chocolate pastry 2
1692,food,tea yevle amrutullya
1693,food,milk milk 0.5 lit 
1694,food,lunch 2 uttapam
1695,food,water 
1696,food,lunch farm house pizza
1697,entertainment,movie imax 3d
1698,transportation,train place 0 to ws returns
1699,transportation,auto current residence to place 0
1700,transportation,auto current residence to place 0
1701,household,kitchen belan
1702,food,dinner 1 veg noodles + 1 chicken soup + 1 egg fried rice
1703,food,grocery fruits and vegetables
1704,health,medicine antibiotics
1705,food,grocery 1kg atta
1706,household,kitchen channi + viper+ ghasni
1707,food,dinner pizza meal
1708,health,hospital doctor fees
1711,food,grocery milk + butter + biscuits/toast
1712,food,dinner 1 chicken shawarma + 1 chicken lollipop - 1 veg cheese burger
1713,food,snacks 1 panipuri
1715,health,medicine strepsils 1 strip
1716,food,lunch veg fried rice
1718,subscription,edtech course emi 1
1719,food,grocery edible oil
1720,transportation,auto permanent residence to bus stand
1722,food,snacks 2 chips packets
1723,food,flour mill 1 sher bajri 1 kg dadar 1 kg makka
1724,subscription,tata sky 
1725,transportation,train ltt to place 2 (patna exp) cancellation
1727,food,grocery monaco biscuits
1729,subscription,mobile service provider mobile service provider recharge wfh
1731,transportation,train place 5 to place 1 sevagram
1733,transportation,train ltt to place 2 cancellation
1734,transportation,travels place 2 to place 1 - novelty tour and travels
1735,food,snacks 2 dabeli
1736,household,toiletries sensitive toothbrush
1737,food,snacks chips 1 kurkure (19) 1 lays (10)
1738,food,fruits 1 kg mosambi 1 kg apple
1742,subscription,mobile service provider mobile service provider recharge wfh
1743,food,vegetables 
1745,household,toiletries oralb toothbrush with cap
1748,health,hospital doctor fees
1749,health,medicine eye drop maxmoist
1750,food,ice cream chocobar
1753,subscription,mobile service provider mobile service provider recharge wfh
1754,food,grocery cheese cubes(2)
1760,food,vegetables gilke
1761,food,vegetables kadhipatta + 2 lemon
1762,food,vegetables kandyachi paat
1763,food,vegetables tomato
1764,food,vegetables onion 1 kg
1765,food,vegetables val + methi + lady finger
1766,food,vegetables carrets + brinjal + flower
1767,food,snacks 3 chips packets
1768,food,snacks pav bhaji pav 3 packets (8pcs each)
1769,food,fruits 8 bananas
1770,food,grocery colgate max fresh medium
1771,food,chocolate 2 milkybar
1777,subscription,mobile service provider mobile service provider recharge wfh
1778,subscription,mobile service provider mobile recharge sim 2
1780,household,appliances metz 32 inch tv
1782,food,ice cream mava 1 large
1784,subscription,mobile service provider mobile service provider recharge wfh
1785,transportation,auto within city
1786,health,medicine strepsils
1787,transportation,auto within city
1788,transportation,auto locality v to permanent residence
1789,food,chocolate poppins
1790,food,"eating out 3 parathe , 1 hara bhara kabab, 1 rabdi malai, 1 masala papad, 1 pepsi"
1791,transportation,auto within city
1792,food,water two water bottles
1794,transportation,auto ola auto - brc 
1795,transportation,bus place t to brc
1796,transportation,taxi share jeep - place t top to base (50/person)
1797,food,beverage lemon juice ( 20/person)
1799,transportation,ropeway ropeway place t to and fro (169/person)
1800,transportation,taxi share jeep - place t base to top (50/person)
1801,transportation,auto share auto - place h to place t base (20/person)
1802,transportation,bus bus - brc to place h ( 27/person)
1803,transportation,auto within city
1804,food,snacks single pav vada
1805,food,grocery lemons
1807,food,fruits apple + mosambi 1kg each
1808,transportation,travels veer travels - brc to place 2 ( 2 adults)
1809,transportation,travels kabra travels - place 2 to brc (2 adults)
1810,health,medicine mouth fresh
1811,food,snacks bombay vada pav
1812,transportation,auto permanent residence to bandhu prem
1818,subscription,netflix 1 month subscription
1819,food,eating out ice cream
1820,transportation,auto permanent residence to hospital
1823,entertainment,diwali firecracker
1824,food,grocery butter + frozen vatana+ 9 pan
1826,health,medicine medicine
1829,entertainment,diwali firecracker
1830,food,fruits mosambi 1kg
1833,entertainment,diwali mi band 5 ( bhaiduj gift)
1835,health,medicine syrup+tablet+ mortein refill
1836,transportation,auto permanent residence to pathology
1837,subscription,mobile service provider 
1839,food,grocery mehndi
1840,food,fruits apple + mosambi 1kg each
1841,health,medicine 
1842,food,snacks egg roll
1843,food,grocery popcorn+mehndi+mosambi+orange+all out refill
1844,food,grocery khari
1845,food,eating out pav vada
1846,food,grocery butter + paneer + pav+batate+tamate
1847,food,grocery 
1848,food,grocery sugar + biscuits
1850,food,grocery coconut
1851,food,grocery apple half kg+ mixer repair+flowers
1856,health,medicine 
1857,transportation,auto permanent residence to hospital to n fro
1858,food,grocery mosambi 1kg+ gavar pav kilo+lemon 3 + kothimbir
1859,shopping,grooming razor
1860,subscription,netflix 1 month subscription
1863,entertainment,navratri vargini
1869,food,milk 
1870,food,grocery chocobar+milk+chips
1871,subscription,mobile service provider 
1873,food,snacks brownie
1874,food,eating out riverdine date
1875,food,grocery bread
1876,food,milk half liter buffalo
1877,food,snacks vanilla ice cream cups 2
1878,food,grocery badishop
1879,food,milk half liter buffalo
1880,transportation,auto meghdoot to plaza
1883,food,milk 1lit buffalo milk
1884,food,beverage cold coffee
1885,food,grocery bread
1886,subscription,mobile service provider 
1887,food,eggs 1 dozen
1889,transportation,travels place 6 to place 2
1892,transportation,travels place 2 to mum
1893,subscription,mobile service provider 
1897,entertainment,ganesh pujan ganesh idol
1898,household,kitchen boric powder
1899,household,toiletries lizol
1900,entertainment,rakshabandhan rakshabandhan ovalni 
1902,entertainment,rakshabandhan rakshabandhan ovalni 
1904,subscription,mobile service provider 
1910,subscription,mobile service provider 
1920,subscription,mobile service provider 
1921,subscription,mobile service provider 
1922,subscription,mobile service provider mobile service provider recharge 365 days
1923,health,medicine citrizen + crocine
1929,subscription,mobile service provider 
1930,subscription,mobile service provider 
1937,transportation,travels chalisgaon to baroda return
1938,subscription,mobile service provider 
1939,subscription,amazon prime amazon prime subscription
1940,subscription,mobile service provider mobile service provider sim card porting
1941,food,snacks icecream
1942,food,grocery grocery
1945,food,eggs 
1946,subscription,mobile service provider 
1952,food,grocery biscuits + medicine
1955,food,water 1 jar
1957,transportation,auto permanent residence to lb road
1958,subscription,mobile service provider 
1959,food,grocery sanitary napkins+chocolates+maggie+khajoor
1961,transportation,auto permanent residence to nearby hospital
1962,food,grocery agarbatti + icecream pack
1965,subscription,mobile service provider 
1969,subscription,mobile service provider 
1972,subscription,mobile service provider 
1977,subscription,hotstar subscription
1978,food,grocery dettol handwash + khari + toast + goodday
1979,subscription,kindle unlimited kindle unlimited
1980,subscription,mobile service provider 
1981,household,toiletries sensodyne toothbrush
1982,subscription,mobile service provider 
1985,subscription,mobile service provider 
1986,food,grocery 
1990,subscription,ott platform subscription 1 yr
1991,subscription,mobile service provider 
1992,food,beverage rasna orange
1993,transportation,auto lb road to permanent residence
2000,subscription,kindle unlimited kindle unlimited
2001,subscription,mobile service provider 
2002,food,grocery sambhar masala
2005,subscription,mobile service provider mobile service provider recharge wfh
2006,food,grocery cheese cubes(2)+ neutralite butter
2012,subscription,mobile service provider mobile service provider recharge wfh
2016,food,snacks biscuits
2018,food,snacks  pedhe
2020,subscription,mobile service provider mobile service provider recharge wfh
2022,food,snacks  pedhe
2025,subscription,audible audible subscription
2026,food,snacks 5star (2)+munch(2)
2027,subscription,kindle unlimited kindle unlimited
2028,food,grocery biscuits
2029,food,grocery bread (10)+cadbury(10)+ cheese + myvaneese+pav bhaji masala
2030,transportation,auto within city
2031,health,health hand gloves 4 pairs
2035,subscription,mobile service provider mobile service provider recharge wfh
2036,food,grocery 
2042,subscription,audible audible subscription
2043,subscription,kindle unlimited kindle unlimited
2045,shopping,footwear slippers
2048,household,kitchen chalk for ants
2049,subscription,mobile service provider mobile service provider recharge wfh
2054,food, cake
2055,transportation,auto grandparents to permanent residence
2056,food, everest pav bhaji masala
2059,food, amul butter 100gm(4 pcs)
2060,food, cake + balloon (150)+caps(50+40)
2062,food, cake advance
2063,shopping,makeup hair cut+shaving+dye+facial
2066,shopping,footwear sliper
2067,household,kitchen dustbin bags
2070,food,eggs 
2071,health,medicine hand sanitizer
2072,health,medicine eye drop maxmoist
2073,transportation,auto within city
2074,transportation,auto station to permanent residence
2080,food,snacks cadbury 2 + chips 2
2083,shopping,footwear kolhapuri chappal
2084,shopping,footwear roadstar black fishermen sandals
2085,food,eggs 
2090,transportation,auto 
2091,transportation,auto 
2092,transportation,auto 
2093,food,snacks egg roll
2096,food,eggs 1 dozen
2099,food,eating out egg roll
2106,food,dinner 12 eggs
2108,transportation,auto permanent residence to nearby  hospital
2110,transportation,auto locality v to permanent residence
2111,food,snacks water bottle + khari sing
2112,transportation,auto b45 to pandya bridge
2113,food,tea 
2115,food,snacks sweats
2116,health,health face mask
2117,transportation,auto golden circle to b45
2118,shopping,grooming hair cut
2119,transportation,auto permanent residence to kacheri
2120,transportation,bus redbus - brc to place 2
2122,transportation,bus place 2 to brc travels
2124,household,kitchen sapat parivar tea half kg
2125,household,appliances plumber
2126,transportation,auto mandir to hospital
2130,shopping,clothing belt + socs
2131,transportation,taxi ola - place 1 to place 5 to and fro
2139,food,beverage cold coffee
2144,health,health 6 pairs of use and throw gloves
2145,health,health 2 n95 masks
2149,food,lunch chicken lollypop + biryani
2162,household,kitchen mixer philips 7756
2199,household,appliances electricity bill
2202,transportation,taxi br to mumbai
2204,food,fruits bananas 1 kg
2205,food,milk milk half shakti
2206,food,milk milk half shakti
2208,health,health n95 mask
2209,food,milk milk half shakti
2210,food,milk milk half shakti
2213,food,grocery onions
2214,food,milk milk half shakti
2215,household,toiletries sensodyne rapid fire
2216,health,health hand sanitizer + surgical gloves
2217,food,milk milk half shakti
2218,food,grocery gobi
2219,food,milk milk half shakti
2221,health,medicine limcee+
2224,food,grocery methi + palak
2225,food,milk milk half shakti
2227,food,grocery 
2230,food,milk milk half shakti
2231,food,grocery dahi
2233,food,milk milk half gold
2235,food,grocery eggs + bread
2236,food,dinner srikhand
2237,food,grocery snacks + veggie
2238,food,milk milk half gold
2240,food,grocery snacks
2244,food,grocery 
2245,food,grocery 
2250,food,grocery 
2251,food,grocery 
2255,food,grocery toothbrush + biscuits
2257,health,medicine kala hit
2258,food,grocery 
2260,food,milk 
2261,food,grocery 
2263,shopping,laundry dry cleaning
2264,health,hospital dentist check-up
2265,household,kitchen cooker ring
2266,food,snacks samosa+tea+veg cheese grill sandwich
2267,food,lunch dal fry and chapati
2268,food,breakfast aloo paratha
2269,food,milk 
2271,health,hospital dentist check-up
2272,food,tea 
2273,shopping,clothing altering
2274,food,milk shakti + bread
2276,shopping,laundry ironing
2277,food,milk 
2278,transportation,auto to office
2279,health,hospital root canal due
2280,food,tea 
2282,food,tea 
2283,transportation,train train - ddr to brc cancellation charges
2285,transportation,train train - brc to ddr cancellation charges
2286,transportation,train place 0 to bandra
2287,transportation,auto current residence to place 0
2288,transportation,auto bandra to bandra terminus
2293,transportation,auto b45 to brc
2294,food,beverage orange juice
2295,transportation,auto to office
2297,shopping,grooming 
2298,food,beverage mosambi juice
2303,health,medicine painkillers
2304,health,hospital root canal advance
2305,food,tea 
2308,health,medicine painkillers
2309,health,hospital dentist check-up
2310,food,lunch canteen lunch
2311,transportation,auto to office
2312,food,breakfast 2 uttapam
2313,food,fruits bananas
2314,food,dinner at restaurant
2315,food,lunch chicken manchow soup
2316,food,tea 
2318,food,milk 
2319,food,lunch chicken thali
2320,food,tea 
2321,food,tea 
2322,transportation,auto office to vasna road
2323,food,grocery eggs
2324,food,milk 
2325,food,grocery vegetable
2326,transportation,auto ola auto - brc to b45
2327,food,tea 
2328,transportation,auto bandra to bandra terminus
2329,transportation,train place 0 to bandra
2330,shopping,footwear shoe polish
2331,transportation,train to and fro mum to brc
2333,health,health face mask
2334,health,medicine koflet
2335,food, milk 1lit 
2336,food, dinner
2337,food, kaju katli 250gm
2338,transportation, local - place 0 to place 5 return
2339,household, mixer repair
2341,food, pani puri
2342,transportation, local - vadala road to place 0
2343,transportation, taxi - dadar to vadala road
2344,food, tea
2345,food, bread
2346,food, chana chat + tea
2347,food, milk half shakti
2348,food, kurkure
2349,food, tea
2350,food, tea
2351,food, paneer 150 gm
2352,food, bread pakoda + tea
2353,food, grocery
2354,food, tea + kachuri
2355,food, tea
2356,food, paneer
2357,food, farsan + khari sing
2358,transportation, train - brc to mmct
2359,food, egg fried rice
2362,food, tea + biscuits
2363,food, tea
2364,food, water jar
2365,food, bhel
2366,food, snacks
2367,food, grocery
2368,food, tea
2369,food, milk half shakti
2370,food, 12 eggs
2371,food, tea
2372,food, grocery
2374,food, chana chat + kachori
2377,food, milk half shakti
2378,food, 5 eggs
2379,food, milk half shakti
2380,household, electricity bill
2381,shopping, undergarments
2382,food, bananas
2383,food, bhindi
2384,transportation, auto - genda circle to b45
2385,food, dinner treat
2386,food, milk half shakti
2387,food, good day biscuits
2388,food, samosa
2389,food, chana chat
2390,food, tea
2391,food, milk half shakti
2392,food, paav
2393,food, grocery
2394,shopping, hair cut
2395,food, tea
2396,food, tea
2397,food, snacks
2398,food, grocery
2399,household, broom
2400,food, samosa + 2 tea
2401,transportation, train - bdts to brc
2402,transportation, train - brc to mmct
2403,food, milk half gold
2404,food, shev
2405,food, srikhand
2406,food, milk half gold
2407,food, vegetable
2408,food, tea
2409,food, milk half gold
2410,transportation, auto - gtr to hospital
2411,transportation, auto - alk to gtr
2412,transportation, auto -  to race course
2413,food, ratri bazar
2414,transportation, auto - amit nagar to b45
2415,food, tea
2416,food, 3 bananas
2417,food, lunch - chicken fried rice + chicken soup
2418,transportation, travels - mumbai to brc
2420,food, tea
2421,transportation, bus - chinchwad to kala
2422,transportation, ola auto - to chinchwad transport bus stop
2423,shopping, shaving
2424,transportation, ola auto - wakad to gg skies
2425,transportation, auto -hospital to bridge
2426,transportation, travels - brc to pune
2428,food, tea
2429,food, sprout chat
2431,food, tea+ bourbon
2432,food, sprout chat+tea+guava drink
2433,food, sprout chat
2434,food, tea
2437,food, dinner
2439,food, shev
2440,food, tea
2441,food, rice
2444,food, water jar
2445,food, milk half gold + 2 packs bourbon biscuits
2446,food, grocery
2448,food, 4 eggs
2449,food, tea
2450,food, bendys chicken biryani
2451,transportation, share jeep - place t top to base
2452,transportation, share jeep - place t to brc
2453,entertainment,  monument
2454,food, temple prasad
2455,transportation, ropeway place t to and fro
2456,transportation, share jeep - place t base to top
2457,transportation, share auto - place h to place t base
2458,transportation, bus - brc to place h
2459,food, tea
2460,transportation, share auto - hospital to brc station
